1;chlodziarki;chlodnictwo;BI;chlodziarki BI;chlodnictwo BI;BI
2;lodowki dwudrzwiowe;chlodnictwo;BI;lodowki dwudrzwiowe BI;chlodnictwo BI;BI
3;lodowki kombi;chlodnictwo;BI;lodowki kombi BI;chlodnictwo BI;BI
4;zamrazarki;chlodnictwo;BI;zamrazarki BI;chlodnictwo BI;BI
5;mikrofalowki elektronicznie;mikrofalowki;BI;mikrofalowki elektronicznie BI;mikrofalowki BI;BI
6;mikrofalowki mechanicznie;mikrofalowki;BI;mikrofalowki mechanicznie BI;mikrofalowki BI;BI
7;okapy kominowe;okapy;BI;okapy kominowe BI;okapy BI;BI
8;okapy meblowe;okapy;BI;okapy meblowe BI;okapy BI;BI
9;okapy teleskopowe;okapy;BI;okapy teleskopowe BI;okapy BI;BI
10;okapy uniwersalne;okapy;BI;okapy uniwersalne BI;okapy BI;BI
11;kuchnie do zabudowy;sprzet grzejny;BI;kuchnie do zabudowy BI;sprzet grzejny BI;BI
12;piekarniki;sprzet grzejny;BI;piekarniki BI;sprzet grzejny BI;BI
13;plyty grzejne;sprzet grzejny;BI;plyty grzejne BI;sprzet grzejny BI;BI
14;zmywarki 45;zmywarki;BI;zmywarki 45 BI;zmywarki BI;BI
15;zmywarki 60;zmywarki;BI;zmywarki 60 BI;zmywarki BI;BI
16;chlodziarki;chlodnictwo;FS;chlodziarki FS;chlodnictwo FS;FS
17;lodowki dwudrzwiowe;chlodnictwo;FS;lodowki dwudrzwiowe FS;chlodnictwo FS;FS
18;lodowki kombi;chlodnictwo;FS;lodowki kombi FS;chlodnictwo FS;FS
19;zamrazarki;chlodnictwo;FS;zamrazarki FS;chlodnictwo FS;FS
20;mikrofalowki elektronicznie;mikrofalowki;FS;mikrofalowki elektronicznie FS;mikrofalowki FS;FS
21;mikrofalowki mechanicznie;mikrofalowki;FS;mikrofalowki mechanicznie FS;mikrofalowki FS;FS
22;pralki front;pralki;FS;pralki front FS;pralki FS;FS
23;pralki top;pralki;FS;pralki top FS;pralki FS;FS
24;kuchnie;sprzet grzejny;FS;kuchnie FS;sprzet grzejny FS;FS
25;zmywarki 45;zmywarki;FS;zmywarki 45 FS;zmywarki FS;FS
26;zmywarki 60;zmywarki;FS;zmywarki 60 FS;zmywarki FS;FS
